Date,Symbol,Open,High,Low,Close,Volume
2024-07-22,TSLA,244.2100067138672,253.2100067138672,243.75,251.509994506836,101225400
2024-07-23,TSLA,253.6000061035156,255.759994506836,245.6300048828125,246.3800048828125,111928200
2024-07-24,TSLA,225.4199981689453,225.9900054931641,214.7100067138672,215.9900054931641,167942900
2024-07-25,TSLA,216.8000030517578,226.0,216.22999572753903,220.25,100636500
2024-07-26,TSLA,221.19000244140625,222.27999877929688,215.3300018310547,219.8000030517578,94604100
2024-07-29,TSLA,224.8999938964844,234.2700042724609,224.6999969482422,232.1000061035156,129201800
2024-07-30,TSLA,232.25,232.4100036621093,220.0,222.6199951171875,100560300
2024-07-31,TSLA,227.8999938964844,234.67999267578125,226.7899932861328,232.07000732421875,67497000
2024-08-01,TSLA,227.69000244140625,231.8699951171875,214.3300018310547,216.8600006103516,83861900
2024-08-02,TSLA,214.8800048828125,216.1300048828125,205.77999877929688,207.6699981689453,82880100
2024-08-05,TSLA,185.22000122070312,203.8800048828125,182.0,198.8800048828125,100308800
2024-08-06,TSLA,200.75,202.8999938964844,192.6699981689453,200.63999938964844,73783900
2024-08-07,TSLA,200.7700042724609,203.4900054931641,191.47999572753903,191.759994506836,71159800
2024-08-08,TSLA,195.6999969482422,200.6999969482422,192.0399932861328,198.83999633789065,65033900
2024-08-09,TSLA,197.0500030517578,200.8800048828125,195.1100006103516,200.0,58648300
2024-08-12,TSLA,199.0200042724609,199.259994506836,194.6699981689453,197.4900054931641,64044900
2024-08-13,TSLA,198.47000122070312,208.4900054931641,197.0599975585937,207.8300018310547,76247400
2024-08-14,TSLA,207.38999938964844,208.44000244140625,198.75,201.3800048828125,70250000
2024-08-15,TSLA,205.0200042724609,215.8800048828125,204.82000732421875,214.13999938964844,89848500
2024-08-16,TSLA,211.1499938964844,219.8000030517578,210.8000030517578,216.1199951171875,88765100
2024-08-19,TSLA,217.07000732421875,222.97999572753903,214.08999633789065,222.72000122070312,76435200
2024-08-20,TSLA,224.8800048828125,228.22000122070312,219.5599975585937,221.1000061035156,74001200
2024-08-21,TSLA,222.6699981689453,224.6600036621093,218.8600006103516,223.2700042724609,70146000
2024-08-22,TSLA,223.82000732421875,224.8000030517578,210.32000732421875,210.6600036621093,79514500
2024-08-23,TSLA,214.4600067138672,221.47999572753903,214.2100067138672,220.32000732421875,81525200
2024-08-26,TSLA,218.75,219.08999633789065,211.009994506836,213.2100067138672,59301200
2024-08-27,TSLA,213.25,215.6600036621093,206.94000244140625,209.2100067138672,62821400
2024-08-28,TSLA,209.72000122070312,211.83999633789065,202.58999633789065,205.75,64116400
2024-08-29,TSLA,209.8000030517578,214.88999938964844,205.97000122070312,206.27999877929688,62308800
2024-08-30,TSLA,208.6300048828125,214.57000732421875,207.02999877929688,214.1100006103516,63370600
2024-09-03,TSLA,215.259994506836,219.8999938964844,209.63999938964844,210.6000061035156,76714200
2024-09-04,TSLA,210.58999633789065,222.22000122070312,210.57000732421875,219.4100036621093,80651800
2024-09-05,TSLA,223.4900054931641,235.0,222.25,230.1699981689453,119355000
2024-09-06,TSLA,232.6000061035156,233.6000061035156,210.509994506836,210.72999572753903,112177000
2024-09-09,TSLA,216.1999969482422,219.8699951171875,213.6699981689453,216.2700042724609,67443500
2024-09-10,TSLA,220.07000732421875,226.3999938964844,218.63999938964844,226.1699981689453,78891100
2024-09-11,TSLA,224.5500030517578,228.47000122070312,216.8000030517578,228.1300048828125,83548600
2024-09-12,TSLA,224.6600036621093,231.4499969482422,223.8300018310547,229.8099975585937,71894900
2024-09-13,TSLA,228.0,232.6699981689453,226.32000732421875,230.2899932861328,59515100
2024-09-16,TSLA,229.3000030517578,229.9600067138672,223.52999877929688,226.77999877929688,54323000
2024-09-17,TSLA,229.4499969482422,234.57000732421875,226.5500030517578,227.8699951171875,66761600
2024-09-18,TSLA,230.08999633789065,235.67999267578125,226.8800048828125,227.1999969482422,78010200
2024-09-19,TSLA,234.0,244.2400054931641,232.1300048828125,243.9199981689453,102694600
2024-09-20,TSLA,241.5200042724609,243.9900054931641,235.9199981689453,238.25,99879100
2024-09-23,TSLA,242.6100006103516,250.0,241.9199981689453,250.0,86927200
2024-09-24,TSLA,254.0800018310547,257.19000244140625,249.0500030517578,254.2700042724609,88491000
2024-09-25,TSLA,252.5399932861328,257.04998779296875,252.27999877929688,257.0199890136719,65034300
2024-09-26,TSLA,260.6000061035156,261.75,251.52999877929688,254.22000122070312,67142200
2024-09-27,TSLA,257.3800048828125,260.70001220703125,254.1199951171875,260.4599914550781,70988100
2024-09-30,TSLA,259.0400085449219,264.8599853515625,255.7700042724609,261.6300048828125,80705700
2024-10-01,TSLA,262.6700134277344,263.9800109863281,248.52999877929688,258.0199890136719,87397600
2024-10-02,TSLA,247.5500030517578,251.1600036621093,241.5,249.0200042724609,93983900
2024-10-03,TSLA,244.47999572753903,249.7899932861328,237.8099975585937,240.6600036621093,80729200
2024-10-04,TSLA,246.69000244140625,250.9600067138672,244.5800018310547,250.0800018310547,86573200
2024-10-07,TSLA,249.0,249.8300018310547,240.6999969482422,240.8300018310547,68113300
2024-10-08,TSLA,243.5599975585937,246.2100067138672,240.5599975585937,244.5,56303200
2024-10-09,TSLA,243.82000732421875,247.42999267578125,239.509994506836,241.0500030517578,66289500
2024-10-10,TSLA,241.8099975585937,242.7899932861328,232.33999633789065,238.7700042724609,83087100
2024-10-11,TSLA,220.1300048828125,223.33999633789065,214.3800048828125,217.8000030517578,142628900
2024-10-14,TSLA,220.1300048828125,221.9100036621093,213.7400054931641,219.1600036621093,86291900
2024-10-15,TSLA,220.009994506836,224.259994506836,217.1199951171875,219.57000732421875,62988800
2024-10-16,TSLA,221.3999938964844,222.82000732421875,218.92999267578125,221.3300018310547,49632800
2024-10-17,TSLA,221.58999633789065,222.0800018310547,217.8999938964844,220.88999938964844,50791800
2024-10-18,TSLA,220.7100067138672,222.27999877929688,219.22999572753903,220.6999969482422,49611900
2024-10-21,TSLA,218.8999938964844,220.47999572753903,215.72999572753903,218.8500061035156,47329000
2024-10-22,TSLA,217.3099975585937,218.22000122070312,215.259994506836,217.97000122070312,43268700
2024-10-23,TSLA,217.1300048828125,218.72000122070312,212.1100006103516,213.6499938964844,80938900
2024-10-24,TSLA,244.67999267578125,262.1199951171875,242.6499938964844,260.4800109863281,204491900
2024-10-25,TSLA,256.010009765625,269.489990234375,255.32000732421875,269.19000244140625,161611900
2024-10-28,TSLA,270.0,273.5400085449219,262.239990234375,262.510009765625,107653600
2024-10-29,TSLA,264.510009765625,264.9800109863281,255.509994506836,259.5199890136719,80521800
2024-10-30,TSLA,258.0400085449219,263.3500061035156,255.82000732421875,257.54998779296875,53993600
2024-10-31,TSLA,257.989990234375,259.75,249.25,249.8500061035156,66575300
2024-11-01,TSLA,252.0399932861328,254.0,246.6300048828125,248.97999572753903,57544800
2024-11-04,TSLA,244.5599975585937,248.8999938964844,238.8800048828125,242.83999633789065,68802400
2024-11-05,TSLA,247.33999633789065,255.27999877929688,246.2100067138672,251.44000244140625,69282500
2024-11-06,TSLA,284.6700134277344,289.5899963378906,275.6199951171875,288.5299987792969,165228700
2024-11-07,TSLA,288.8900146484375,299.75,285.5199890136719,296.9100036621094,117309200
2024-11-08,TSLA,299.1400146484375,328.7099914550781,297.6600036621094,321.2200012207031,204782800
2024-11-11,TSLA,346.29998779296875,358.6400146484375,336.0,350.0,210521600
2024-11-12,TSLA,342.739990234375,345.8399963378906,323.3099975585937,328.489990234375,155726000
2024-11-13,TSLA,335.8500061035156,344.6000061035156,322.5,330.239990234375,125405600
2024-11-14,TSLA,327.69000244140625,329.9800109863281,310.3699951171875,311.17999267578125,120726100
2024-11-15,TSLA,310.57000732421875,324.67999267578125,309.2200012207031,320.7200012207031,114440300
2024-11-18,TSLA,340.7300109863281,348.54998779296875,330.010009765625,338.739990234375,126085600
2024-11-19,TSLA,335.760009765625,347.3800048828125,332.75,346.0,88852500
2024-11-20,TSLA,345.0,346.6000061035156,334.29998779296875,342.0299987792969,66340700
2024-11-21,TSLA,343.8099975585937,347.989990234375,335.2799987792969,339.6400146484375,58011700
2024-11-22,TSLA,341.0899963378906,361.5299987792969,337.70001220703125,352.5599975585937,89140700
2024-11-25,TSLA,360.1400146484375,361.9299926757813,338.20001220703125,338.5899963378906,95890900
2024-11-26,TSLA,341.0,346.9599914550781,335.6600036621094,338.2300109863281,62295900
2024-11-27,TSLA,341.79998779296875,342.54998779296875,326.5899963378906,332.8900146484375,57896400
2024-11-29,TSLA,336.0799865722656,345.45001220703125,334.6499938964844,345.1600036621094,37167600
2024-12-02,TSLA,352.3800048828125,360.0,351.1499938964844,357.0899963378906,77986500
2024-12-03,TSLA,351.79998779296875,355.69000244140625,348.20001220703125,351.4200134277344,58267200
2024-12-04,TSLA,353.0,358.1000061035156,348.6000061035156,357.92999267578125,50810900
2024-12-05,TSLA,359.8699951171875,375.4299926757813,359.5,369.489990234375,81403600
2024-12-06,TSLA,377.4200134277344,389.489990234375,370.7999877929688,389.2200012207031,81455800
2024-12-09,TSLA,397.6099853515625,404.7999877929688,378.010009765625,389.7900085449219,96359200
2024-12-10,TSLA,392.6799926757813,409.7300109863281,390.8500061035156,400.989990234375,97563600
2024-12-11,TSLA,409.7000122070313,424.8800048828125,402.3800048828125,424.7699890136719,104287600
2024-12-12,TSLA,424.8399963378906,429.2999877929688,415.0,418.1000061035156,87752200
2024-12-13,TSLA,420.0,436.2999877929688,415.7099914550781,436.2300109863281,89000200
2024-12-16,TSLA,441.0899963378906,463.1900024414063,436.1499938964844,463.0199890136719,114083800
2024-12-17,TSLA,475.8999938964844,483.989990234375,457.510009765625,479.8599853515625,131223000
2024-12-18,TSLA,466.5,488.5400085449219,427.010009765625,440.1300048828125,149340800
2024-12-19,TSLA,451.8800048828125,456.3599853515625,420.0199890136719,436.1700134277344,118566100
2024-12-20,TSLA,425.510009765625,447.0799865722656,417.6400146484375,421.05999755859375,132216200
2024-12-23,TSLA,431.0,434.510009765625,415.4100036621094,430.6000061035156,72698100
2024-12-24,TSLA,435.8999938964844,462.7799987792969,435.1400146484375,462.2799987792969,59551800
2024-12-26,TSLA,465.1600036621094,465.3299865722656,451.0199890136719,454.1300048828125,76366400
2024-12-27,TSLA,449.5199890136719,450.0,426.5,431.6600036621094,82666800
2024-12-30,TSLA,419.3999938964844,427.0,415.75,417.4100036621094,64941000
2024-12-31,TSLA,423.7900085449219,427.9299926757813,402.5400085449219,403.8399963378906,76825100
2025-01-02,TSLA,390.1000061035156,392.7300109863281,373.0400085449219,379.2799987792969,109710700
2025-01-03,TSLA,381.4800109863281,411.8800048828125,379.4500122070313,410.4400024414063,95423300
2025-01-06,TSLA,423.2000122070313,426.4299926757813,401.7000122070313,411.0499877929688,85516500
2025-01-07,TSLA,405.8299865722656,414.3299865722656,390.0,394.3599853515625,75699500
2025-01-08,TSLA,392.9500122070313,402.5,387.3999938964844,394.9400024414063,73038800
2025-01-10,TSLA,391.3999938964844,399.2799987792969,377.2900085449219,394.739990234375,62287300
2025-01-13,TSLA,383.2099914550781,403.7900085449219,380.0700073242188,403.30999755859375,67580500
2025-01-14,TSLA,414.3399963378906,422.6400146484375,394.5400085449219,396.3599853515625,84565000
2025-01-15,TSLA,409.8999938964844,429.7999877929688,405.6600036621094,428.2200012207031,81375500
2025-01-16,TSLA,423.489990234375,424.0,409.1300048828125,413.8200073242188,68335200
2025-01-17,TSLA,421.5,439.739990234375,419.75,426.5,94991400
2025-01-21,TSLA,432.6400146484375,433.2000122070313,406.30999755859375,424.0700073242188,87320900
2025-01-22,TSLA,416.80999755859375,428.0,414.5899963378906,415.1099853515625,60963300
2025-01-23,TSLA,416.05999755859375,420.7300109863281,408.9500122070313,412.3800048828125,50690600
2025-01-24,TSLA,414.4500122070313,418.8800048828125,405.7799987792969,406.5799865722656,56427100
2025-01-27,TSLA,394.7999877929688,406.6900024414063,389.0,397.1499938964844,58125500
2025-01-28,TSLA,396.9100036621094,400.5899963378906,386.5,398.0899963378906,48910700
2025-01-29,TSLA,395.2099914550781,398.5899963378906,384.4800109863281,389.1000061035156,68033600
2025-01-30,TSLA,410.7799987792969,412.5,384.4100036621094,400.2799987792969,98092900
2025-01-31,TSLA,401.5299987792969,419.989990234375,401.3399963378906,404.6000061035156,83283600
2025-02-03,TSLA,386.6799926757813,389.1700134277344,374.3599853515625,383.6799926757813,93732100
2025-02-04,TSLA,382.6300048828125,394.0,381.3999938964844,392.2099914550781,57072200
2025-02-05,TSLA,387.510009765625,388.3900146484375,375.5299987792969,378.1700134277344,57223300
2025-02-06,TSLA,373.0299987792969,375.3999938964844,363.1799926757813,374.3200073242188,77918200
2025-02-07,TSLA,370.1900024414063,380.5499877929688,360.3399963378906,361.6199951171875,70298300
2025-02-10,TSLA,356.2099914550781,362.7000122070313,350.510009765625,350.7300109863281,77514900
2025-02-11,TSLA,345.79998779296875,349.3699951171875,325.1000061035156,328.5,118543400
2025-02-12,TSLA,329.94000244140625,346.3999938964844,329.1199951171875,336.510009765625,105382700
2025-02-13,TSLA,345.0,358.69000244140625,342.8500061035156,355.94000244140625,89441500
2025-02-14,TSLA,360.6199951171875,362.0,347.5,355.8399963378906,68277300
2025-02-18,TSLA,355.010009765625,359.1000061035156,350.0199890136719,354.1099853515625,51631700
2025-02-19,TSLA,354.0,367.3399963378906,353.6700134277344,360.55999755859375,67094400
2025-02-20,TSLA,361.510009765625,362.2999877929688,348.0,354.3999938964844,45965400
2025-02-21,TSLA,353.44000244140625,354.9800109863281,334.4200134277344,337.79998779296875,74058600
2025-02-24,TSLA,338.1400146484375,342.3999938964844,324.70001220703125,330.5299987792969,76052300
2025-02-25,TSLA,327.0199890136719,328.8900146484375,297.25,302.79998779296875,134228800
2025-02-26,TSLA,303.7099914550781,309.0,288.0400085449219,290.79998779296875,100118300
2025-02-27,TSLA,291.1600036621094,297.2300109863281,280.8800048828125,281.95001220703125,101748200
2025-02-28,TSLA,279.5,293.8800048828125,273.6000061035156,292.9800109863281,115697000
2025-03-03,TSLA,300.3399963378906,303.94000244140625,277.29998779296875,284.6499938964844,115551400
2025-03-04,TSLA,270.92999267578125,284.3500061035156,261.8399963378906,272.0400085449219,126706600
2025-03-05,TSLA,272.9200134277344,279.54998779296875,267.7099914550781,279.1000061035156,94042900
2025-03-06,TSLA,272.0599975585937,272.6499938964844,260.0199890136719,263.45001220703125,98451600
2025-03-07,TSLA,259.32000732421875,266.25,250.72999572753903,262.6700134277344,102369600
2025-03-10,TSLA,252.5399932861328,253.3699951171875,220.0,222.1499938964844,189076900
2025-03-11,TSLA,225.3099975585937,237.0599975585937,217.0200042724609,230.5800018310547,174896400
2025-03-12,TSLA,247.22000122070312,251.83999633789065,241.1000061035156,248.08999633789065,142215700
2025-03-13,TSLA,248.1300048828125,248.2899932861328,232.6000061035156,240.67999267578125,114813500
2025-03-14,TSLA,247.3099975585937,251.5800018310547,240.72999572753903,249.97999572753903,100242300
2025-03-17,TSLA,245.0599975585937,245.3999938964844,232.8000030517578,238.009994506836,111900600
2025-03-18,TSLA,228.1600036621093,230.1000061035156,222.27999877929688,225.3099975585937,111477600
2025-03-19,TSLA,231.6100006103516,241.4100036621093,229.1999969482422,235.8600006103516,111993800
2025-03-20,TSLA,233.3500061035156,238.0,230.0500030517578,236.259994506836,99028300
2025-03-21,TSLA,234.9900054931641,249.5200042724609,234.5500030517578,248.7100067138672,132728700
2025-03-24,TSLA,258.0799865722656,278.6400146484375,256.3299865722656,278.3900146484375,169079900
2025-03-25,TSLA,283.6000061035156,288.20001220703125,271.2799987792969,288.1400146484375,150361500
2025-03-26,TSLA,282.6600036621094,284.8999938964844,266.510009765625,272.0599975585937,153629800
2025-03-27,TSLA,272.4800109863281,291.8500061035156,271.82000732421875,273.1300048828125,162572100
2025-03-28,TSLA,275.5799865722656,276.1000061035156,260.57000732421875,263.54998779296875,123809400
2025-03-31,TSLA,249.3099975585937,260.5599975585937,243.3600006103516,259.1600036621094,134008900
2025-04-01,TSLA,263.79998779296875,277.45001220703125,259.25,268.4599914550781,146486900
2025-04-02,TSLA,254.6000061035156,284.989990234375,251.2700042724609,282.760009765625,212787800
2025-04-03,TSLA,265.2900085449219,276.29998779296875,261.510009765625,267.2799987792969,136174300
2025-04-04,TSLA,255.3800048828125,261.0,236.0,239.42999267578125,181229400
2025-04-07,TSLA,223.77999877929688,252.0,214.25,233.2899932861328,183453800
2025-04-08,TSLA,245.0,250.44000244140625,217.8000030517578,221.8600006103516,171603500
2025-04-09,TSLA,224.69000244140625,274.69000244140625,223.8800048828125,272.20001220703125,219433400
2025-04-10,TSLA,260.0,262.489990234375,239.3300018310547,252.3999938964844,181722600
2025-04-11,TSLA,251.83999633789065,257.739990234375,241.3600006103516,252.3099975585937,128948100
2025-04-14,TSLA,258.3599853515625,261.79998779296875,245.92999267578125,252.3500061035156,100135200
2025-04-15,TSLA,249.9100036621093,258.75,247.5399932861328,254.1100006103516,79594300
2025-04-16,TSLA,247.6100006103516,251.97000122070312,233.88999938964844,241.5500030517578,112378700
2025-04-17,TSLA,243.47000122070312,244.33999633789065,237.67999267578125,241.3699951171875,83404800
2025-04-21,TSLA,230.259994506836,232.2100067138672,222.7899932861328,227.5,97768000
2025-04-22,TSLA,230.9600067138672,242.7899932861328,229.8500061035156,237.97000122070312,120858500
2025-04-23,TSLA,254.8600006103516,259.45001220703125,244.42999267578125,250.7400054931641,150381900
2025-04-24,TSLA,250.5,259.5400085449219,249.1999969482422,259.510009765625,94464200
2025-04-25,TSLA,261.69000244140625,286.8500061035156,259.6300048828125,284.95001220703125,167560700
2025-04-28,TSLA,288.9800109863281,294.8599853515625,272.4200134277344,285.8800048828125,151731800
2025-04-29,TSLA,285.5,293.32000732421875,279.4700012207031,292.0299987792969,108906600
2025-04-30,TSLA,279.8999938964844,284.45001220703125,270.7799987792969,282.1600036621094,128961100
2025-05-01,TSLA,280.010009765625,290.8699951171875,279.8099975585937,280.5199890136719,99659000
2025-05-02,TSLA,284.8999938964844,294.7799987792969,279.8099975585937,287.2099914550781,114454700
2025-05-05,TSLA,284.57000732421875,284.8500061035156,274.3999938964844,280.260009765625,94618900
2025-05-06,TSLA,273.1099853515625,277.7300109863281,271.3500061035156,275.3500061035156,76715800
2025-05-07,TSLA,276.8800048828125,277.9200134277344,271.0,276.2200012207031,71592600
2025-05-08,TSLA,279.6300048828125,289.79998779296875,279.4100036621094,284.82000732421875,97539400
2025-05-09,TSLA,290.2099914550781,307.0400085449219,290.0,298.260009765625,132387800
2025-05-12,TSLA,321.989990234375,322.2099914550781,311.5,318.3800048828125,112826700
2025-05-13,TSLA,320.0,337.5899963378906,316.79998779296875,334.07000732421875,136992600
2025-05-14,TSLA,342.5,350.0,337.0,347.67999267578125,136997300
2025-05-15,TSLA,340.3399963378906,346.1400146484375,334.7200012207031,342.82000732421875,97882600
2025-05-16,TSLA,346.239990234375,351.6199951171875,342.3299865722656,349.9800109863281,95895700
2025-05-19,TSLA,336.29998779296875,343.0,333.3699951171875,342.0899963378906,88869900
2025-05-20,TSLA,347.8699951171875,354.989990234375,341.6300048828125,343.82000732421875,131715500
2025-05-21,TSLA,344.42999267578125,347.3500061035156,332.20001220703125,334.6199951171875,102354800
2025-05-22,TSLA,331.8999938964844,347.2699890136719,331.3900146484375,341.0400085449219,97113400
2025-05-23,TSLA,337.9200134277344,343.17999267578125,333.2099914550781,339.3399963378906,84654800
2025-05-27,TSLA,347.3500061035156,363.7900085449219,347.32000732421875,362.8900146484375,120146400
2025-05-28,TSLA,364.8399963378906,365.0,355.9100036621094,356.8999938964844,91404300
2025-05-29,TSLA,365.2900085449219,367.7099914550781,356.0,358.42999267578125,88087800
2025-05-30,TSLA,355.5199890136719,363.6799926757813,345.2900085449219,346.4599914550781,123474900
2025-06-02,TSLA,343.5,348.0199890136719,333.3299865722656,342.69000244140625,81873800
2025-06-03,TSLA,346.6000061035156,355.3999938964844,343.0400085449219,344.2699890136719,99324500
2025-06-04,TSLA,345.1000061035156,345.6000061035156,327.3299865722656,332.04998779296875,98912100
2025-06-05,TSLA,322.489990234375,324.54998779296875,273.2099914550781,284.70001220703125,287499800
2025-06-06,TSLA,298.8299865722656,305.5,291.1400146484375,295.1400146484375,164747700
2025-06-09,TSLA,285.9599914550781,309.8299865722656,281.8500061035156,308.5799865722656,140908900
2025-06-10,TSLA,314.94000244140625,327.8299865722656,310.6700134277344,326.0899963378906,151256500
2025-06-11,TSLA,334.3999938964844,335.5,322.5,326.42999267578125,122611400
2025-06-12,TSLA,323.0799865722656,332.5599975585937,316.8599853515625,319.1099853515625,105127500
2025-06-13,TSLA,313.9700012207031,332.989990234375,313.29998779296875,325.3099975585937,128964300
2025-06-16,TSLA,331.2900085449219,332.04998779296875,326.4100036621094,329.1300048828125,83925900
2025-06-17,TSLA,326.0899963378906,327.260009765625,314.739990234375,316.3500061035156,88282700
2025-06-18,TSLA,317.3099975585937,329.32000732421875,315.45001220703125,322.04998779296875,95137700
2025-06-20,TSLA,327.95001220703125,332.3599853515625,317.7799987792969,322.1600036621094,108688000
2025-06-23,TSLA,327.5400085449219,357.5400085449219,327.4800109863281,348.67999267578125,190716800
2025-06-24,TSLA,356.1700134277344,356.260009765625,340.44000244140625,340.4700012207031,114736200
2025-06-25,TSLA,342.70001220703125,343.0,320.3999938964844,327.54998779296875,119845100
2025-06-26,TSLA,324.6099853515625,331.04998779296875,323.6099853515625,325.7799987792969,80440900
2025-06-27,TSLA,324.510009765625,329.3399963378906,317.5,323.6300048828125,89067000
2025-06-30,TSLA,319.8999938964844,325.5799865722656,316.6000061035156,317.6600036621094,76695100
2025-07-01,TSLA,298.4599914550781,305.8900146484375,293.2099914550781,300.7099914550781,145085700
2025-07-02,TSLA,312.6300048828125,316.8299865722656,303.82000732421875,315.6499938964844,119483700
2025-07-03,TSLA,317.989990234375,318.45001220703125,312.760009765625,315.3500061035156,58042300
2025-07-07,TSLA,291.3699951171875,296.1499938964844,288.7699890136719,293.94000244140625,131177900
2025-07-08,TSLA,297.0,304.04998779296875,294.3500061035156,297.8099975585937,103246700
2025-07-09,TSLA,297.54998779296875,300.1499938964844,293.54998779296875,295.8800048828125,75586800
2025-07-10,TSLA,300.04998779296875,310.4800109863281,300.0,309.8699951171875,104365300
2025-07-11,TSLA,307.8900146484375,314.0899963378906,305.6499938964844,313.510009765625,79236400
2025-07-14,TSLA,317.7300109863281,322.6000061035156,312.6700134277344,316.8999938964844,78043400
2025-07-15,TSLA,319.67999267578125,321.20001220703125,310.5,310.7799987792969,77556300
2025-07-16,TSLA,312.79998779296875,323.5,312.6199951171875,321.6700134277344,97284800
2025-07-17,TSLA,323.1499938964844,324.3399963378906,317.0599975585937,319.4100036621094,73922900
2025-07-18,TSLA,321.6600036621094,330.8999938964844,321.4200134277344,329.6499938964844,94255000
2025-07-21,TSLA,334.3999938964844,338.0,326.8800048828125,328.489990234375,75768800
2025-07-22,TSLA,329.739990234375,335.4100036621094,321.54998779296875,332.1099853515625,77370400
2025-07-23,TSLA,330.8999938964844,336.20001220703125,328.6700134277344,332.5599975585937,92553800
2025-07-24,TSLA,310.0,310.1499938964844,300.4100036621094,305.29998779296875,156966000
2025-07-25,TSLA,308.739990234375,323.6300048828125,308.010009765625,316.0599975585937,148227000
2025-07-28,TSLA,318.45001220703125,330.489990234375,315.69000244140625,325.5899963378906,112673800
2025-07-29,TSLA,325.54998779296875,326.25,318.25,321.20001220703125,87358900
2025-07-30,TSLA,322.17999267578125,324.45001220703125,311.6199951171875,319.0400085449219,83931900
2025-07-31,TSLA,319.6099853515625,321.3699951171875,306.1000061035156,308.2699890136719,85270900
2025-08-01,TSLA,306.2099914550781,309.3099975585937,297.82000732421875,302.6300048828125,89121400
2025-08-04,TSLA,309.0799865722656,312.1199951171875,303.0,309.260009765625,78683900
2025-08-05,TSLA,308.95001220703125,312.45001220703125,305.5,308.7200012207031,57961300
2025-08-06,TSLA,307.8900146484375,320.4700012207031,306.92999267578125,319.9100036621094,78523600
2025-08-07,TSLA,319.7900085449219,322.3999938964844,316.1600036621094,322.2699890136719,66658700
2025-08-08,TSLA,321.42999267578125,335.1499938964844,320.9800109863281,329.6499938964844,91200300
2025-08-11,TSLA,335.0,346.6400146484375,334.1499938964844,339.0299987792969,105320200
2025-08-12,TSLA,345.0,345.260009765625,332.94000244140625,340.8399963378906,80522100
2025-08-13,TSLA,341.5,348.9800109863281,338.20001220703125,339.3800048828125,67838900
2025-08-14,TSLA,335.760009765625,340.4700012207031,330.3999938964844,335.5799865722656,75000700
2025-08-15,TSLA,337.6600036621094,339.29998779296875,327.0199890136719,330.5599975585937,74319800
2025-08-18,TSLA,329.6199951171875,336.2699890136719,329.5899963378906,335.1600036621094,56956600
2025-08-19,TSLA,335.7900085449219,340.54998779296875,327.8500061035156,329.3099975585937,75956000
2025-08-20,TSLA,329.2200012207031,331.3699951171875,314.6000061035156,323.8999938964844,77481800
2025-08-21,TSLA,322.0799865722656,324.8999938964844,318.67999267578125,320.1099853515625,55744400
2025-08-22,TSLA,321.6600036621094,340.25,319.69000244140625,340.010009765625,94016300
2025-08-25,TSLA,338.8999938964844,349.5299987792969,335.0299987792969,346.6000061035156,86670000
2025-08-26,TSLA,344.92999267578125,351.8999938964844,343.7200012207031,351.6700134277344,76651600
2025-08-27,TSLA,351.94000244140625,355.3900146484375,349.1600036621094,349.6000061035156,65519000
2025-08-28,TSLA,350.9100036621094,353.54998779296875,340.260009765625,345.9800109863281,67903200
2025-08-29,TSLA,347.2300109863281,348.75,331.70001220703125,333.8699951171875,81145700
2025-09-02,TSLA,328.2300109863281,333.3299865722656,325.6000061035156,329.3599853515625,58392000
2025-09-03,TSLA,335.20001220703125,343.3299865722656,328.510009765625,334.0899963378906,88733300
2025-09-04,TSLA,336.1499938964844,338.8900146484375,331.4800109863281,338.5299987792969,60711000
2025-09-05,TSLA,348.0,355.8699951171875,344.67999267578125,350.8399963378906,108989800
2025-09-08,TSLA,354.6400146484375,358.44000244140625,344.8399963378906,346.3999938964844,75208300
2025-09-09,TSLA,348.44000244140625,350.7699890136719,343.82000732421875,346.9700012207031,53816000
2025-09-10,TSLA,350.54998779296875,356.3299865722656,346.07000732421875,347.7900085449219,72121700
2025-09-11,TSLA,350.1700134277344,368.989990234375,347.6000061035156,368.80999755859375,103756000
2025-09-12,TSLA,370.9400024414063,396.6900024414063,370.239990234375,395.9400024414063,168156400
2025-09-15,TSLA,423.1300048828125,425.7000122070313,402.4299926757813,410.0400085449219,163823700
2025-09-16,TSLA,414.5,423.25,411.4299926757813,421.6199951171875,104285700
2025-09-17,TSLA,415.75,428.30999755859375,409.6700134277344,425.8599853515625,106133500
2025-09-18,TSLA,428.8699951171875,432.2200012207031,416.55999755859375,416.8500061035156,90454500
2025-09-19,TSLA,421.8200073242188,429.4700012207031,421.7200012207031,426.0700073242188,93131000
2025-09-22,TSLA,431.1099853515625,444.9800109863281,429.1300048828125,434.2099914550781,97108800
2025-09-23,TSLA,439.8800048828125,440.9700012207031,423.7200012207031,425.8500061035156,83422700
2025-09-24,TSLA,429.8299865722656,444.2099914550781,429.0299987792969,442.7900085449219,93133600
2025-09-25,TSLA,435.239990234375,435.3500061035156,419.0799865722656,423.3900146484375,96746400
2025-09-26,TSLA,428.2999877929688,440.4700012207031,421.0199890136719,440.3999938964844,101628200
2025-09-29,TSLA,444.3500061035156,450.9800109863281,439.5,443.2099914550781,79491500
2025-09-30,TSLA,441.5199890136719,445.0,433.1199951171875,444.7200012207031,74358000
2025-10-01,TSLA,443.7999877929688,462.2900085449219,440.75,459.4599914550781,98122300
2025-10-02,TSLA,470.5400085449219,470.75,435.5700073242188,436.0,137009000
2025-10-03,TSLA,443.2900085449219,446.7699890136719,416.5799865722656,429.8299865722656,133188200
2025-10-06,TSLA,440.75,453.5499877929688,436.6900024414063,453.25,85324900
2025-10-07,TSLA,447.8200073242188,452.6799926757813,432.4500122070313,433.0899963378906,102296100
2025-10-08,TSLA,437.5700073242188,441.3299865722656,425.2300109863281,438.6900024414063,71192100
2025-10-09,TSLA,431.80999755859375,436.3500061035156,426.1799926757813,435.5400085449219,69339900
2025-10-10,TSLA,436.5400085449219,443.1300048828125,411.4500122070313,413.489990234375,112107900
2025-10-13,TSLA,423.5299987792969,436.8900146484375,419.7000122070313,435.8999938964844,79552800
2025-10-14,TSLA,426.7900085449219,434.2000122070313,417.8599853515625,429.239990234375,72669400
2025-10-15,TSLA,434.8999938964844,440.510009765625,426.3299865722656,435.1499938964844,71558200
2025-10-16,TSLA,434.7300109863281,439.3500061035156,421.30999755859375,428.75,77189900
2025-10-17,TSLA,425.5,441.4599914550781,423.6000061035156,439.30999755859375,89331600
2025-10-20,TSLA,443.8699951171875,449.7999877929688,440.6099853515625,447.4299926757813,63719000
2025-10-21,TSLA,445.760009765625,449.2999877929688,442.0499877929688,442.6000061035156,54412200
2025-10-22,TSLA,443.4500122070313,445.5400085449219,429.0,438.9700012207031,84023500
2025-10-23,TSLA,420.0,449.3999938964844,413.8999938964844,448.9800109863281,126709800
2025-10-24,TSLA,446.8299865722656,451.6799926757813,430.1700134277344,433.7200012207031,94727800
2025-10-27,TSLA,439.9800109863281,460.1600036621094,438.6900024414063,452.4200134277344,105867500
2025-10-28,TSLA,454.7799987792969,467.0,451.6000061035156,460.5499877929688,80185700
2025-10-29,TSLA,462.5,465.7000122070313,452.6499938964844,461.510009765625,67983500
2025-10-30,TSLA,451.0499877929688,455.05999755859375,439.6099853515625,440.1000061035156,72447900
2025-10-31,TSLA,446.75,458.0,443.6900024414063,456.55999755859375,83135800
2025-11-03,TSLA,455.989990234375,474.0700073242188,453.7999877929688,468.3699951171875,84595200
2025-11-04,TSLA,454.4599914550781,460.2200012207031,443.6000061035156,444.260009765625,87756600
2025-11-05,TSLA,452.0499877929688,466.3299865722656,440.7099914550781,462.0700073242188,85573000
2025-11-06,TSLA,461.9599914550781,467.4500122070313,435.0899963378906,445.9100036621094,109622900
2025-11-07,TSLA,437.9200134277344,439.3599853515625,421.8800048828125,429.5199890136719,103471500
2025-11-10,TSLA,439.6000061035156,449.6700134277344,433.3599853515625,445.2300109863281,76515900
2025-11-11,TSLA,439.3999938964844,442.489990234375,432.3599853515625,439.6199951171875,60533200
2025-11-12,TSLA,442.1499938964844,442.3299865722656,426.55999755859375,430.6000061035156,58513500
2025-11-13,TSLA,423.1300048828125,424.5,396.3399963378906,401.989990234375,118948000
2025-11-14,TSLA,386.2999877929688,412.1900024414063,382.7799987792969,404.3500061035156,105506700
2025-11-17,TSLA,398.739990234375,423.9599914550781,398.739990234375,408.9200134277344,102214300
2025-11-18,TSLA,405.3800048828125,408.8999938964844,393.7099914550781,401.25,80688600
2025-11-19,TSLA,406.1799926757813,411.7799987792969,398.5,403.989990234375,72047700
2025-11-20,TSLA,414.6300048828125,428.9400024414063,394.739990234375,395.2300109863281,113548800
2025-11-21,TSLA,402.3200073242188,402.7999877929688,383.760009765625,391.0899963378906,100460600
2025-11-24,TSLA,402.1700134277344,421.7200012207031,401.0899963378906,417.7799987792969,96806400
2025-11-25,TSLA,414.4200134277344,420.4800109863281,405.9500122070313,419.3999938964844,71915600
2025-11-26,TSLA,423.9500122070313,426.9400024414063,416.8900146484375,426.5799865722656,63463000
2025-11-28,TSLA,426.5899963378906,432.9299926757813,426.2000122070313,430.1700134277344,36252900
2025-12-01,TSLA,425.3200073242188,433.6600036621094,425.2900085449219,430.1400146484375,57463600
2025-12-02,TSLA,430.80999755859375,436.7999877929688,422.1199951171875,429.239990234375,69336600
2025-12-03,TSLA,432.1000061035156,447.9200134277344,431.1099853515625,446.739990234375,87483000
2025-12-04,TSLA,449.9400024414063,454.6300048828125,445.3900146484375,454.5299987792969,71906500
2025-12-05,TSLA,453.0299987792969,458.8699951171875,451.6600036621094,455.0,56427500
2025-12-08,TSLA,447.4500122070313,449.75,435.25,439.5799865722656,69165800
2025-12-09,TSLA,437.5400085449219,452.3900146484375,435.7000122070313,445.1700134277344,62367400
2025-12-10,TSLA,446.0700073242188,456.8800048828125,443.6099853515625,451.4500122070313,63257500
2025-12-11,TSLA,448.9500122070313,449.2699890136719,440.3299865722656,446.8900146484375,55979500
2025-12-12,TSLA,448.0899963378906,463.010009765625,441.6700134277344,458.9599914550781,95656700
2025-12-15,TSLA,469.4400024414063,481.7699890136719,467.6600036621094,475.30999755859375,114542200
2025-12-16,TSLA,472.2099914550781,491.5,465.8299865722656,489.8800048828125,107608100
2025-12-17,TSLA,488.2200012207031,495.2799987792969,466.2000122070313,467.260009765625,106490400
2025-12-18,TSLA,478.1600036621094,490.8599853515625,473.1199951171875,483.3699951171875,95168400
2025-12-19,TSLA,488.1199951171875,490.489990234375,474.7200012207031,481.2000122070313,103305400
2025-12-22,TSLA,489.8800048828125,498.8299865722656,485.3299865722656,488.7300109863281,86916100
2025-12-23,TSLA,489.3999938964844,491.9700012207031,482.8399963378906,485.55999755859375,58223600
2025-12-24,TSLA,488.4800109863281,490.8999938964844,476.7999877929688,485.3999938964844,41285400
2025-12-26,TSLA,485.2300109863281,489.0899963378906,473.8200073242188,475.1900024414063,58780700
2025-12-29,TSLA,469.0,469.3999938964844,459.0,459.6400146484375,66263000
2025-12-30,TSLA,461.0899963378906,463.1199951171875,453.8299865722656,454.4299926757813,59238500
2025-12-31,TSLA,456.1000061035156,456.5499877929688,449.2999877929688,449.7200012207031,49078000
2026-01-02,TSLA,457.7999877929688,458.3399963378906,435.2999877929688,438.0700073242188,85535400
2026-01-05,TSLA,447.989990234375,457.5499877929688,444.5700073242188,451.6700134277344,67940800
2026-01-06,TSLA,446.3800048828125,448.25,428.7799987792969,432.9599914550781,89093800
2026-01-07,TSLA,435.8999938964844,438.3699951171875,431.2900085449219,431.4100036621094,59828800
2026-01-08,TSLA,427.8900146484375,436.8900146484375,424.3699951171875,435.7999877929688,57041100
2026-01-09,TSLA,435.9500122070313,449.0499877929688,430.3900146484375,445.010009765625,67331500
2026-01-12,TSLA,441.2300109863281,454.2999877929688,438.0,448.9599914550781,61649600
2026-01-13,TSLA,450.2000122070313,451.80999755859375,443.9500122070313,447.2000122070313,53719200
2026-01-14,TSLA,442.80999755859375,443.9100036621094,434.2200012207031,439.2000122070313,57259500
2026-01-15,TSLA,441.1300048828125,445.3599853515625,437.6499938964844,438.5700073242188,49465800
2026-01-16,TSLA,439.5,447.25,435.260009765625,437.5,60220600
2026-01-20,TSLA,429.3599853515625,430.7300109863281,417.4400024414063,419.25,63187300
2026-01-21,TSLA,421.6600036621094,438.2000122070313,419.6199951171875,431.4400024414063,68124000
2026-01-22,TSLA,435.1600036621094,449.5,432.6300048828125,449.3599853515625,71546700
2026-01-23,TSLA,447.4299926757813,452.4299926757813,444.0400085449219,449.05999755859375,56771400
2026-01-26,TSLA,445.0,445.0400085449219,434.2799987792969,435.2000122070313,49397400
2026-01-27,TSLA,437.4100036621094,437.5199890136719,430.6900024414063,430.8999938964844,37733100
2026-01-28,TSLA,431.9100036621094,438.260009765625,430.1000061035156,431.4599914550781,54857400
2026-01-29,TSLA,437.7999877929688,440.2300109863281,414.6199951171875,416.55999755859375,81686100
2026-01-30,TSLA,425.3500061035156,439.8800048828125,422.7000122070313,430.4100036621094,82626100
2026-02-02,TSLA,421.2900085449219,427.1499938964844,414.5,421.80999755859375,58739500
2026-02-03,TSLA,424.2699890136719,428.55999755859375,413.6900024414063,421.9599914550781,56886500
2026-02-04,TSLA,420.4599914550781,423.8999938964844,399.1799926757813,406.010009765625,74606900
2026-02-05,TSLA,397.0199890136719,402.1000061035156,387.5299987792969,397.2099914550781,72819800
2026-02-06,TSLA,400.8699951171875,414.5499877929688,397.75,411.1099853515625,62677100
2026-02-09,TSLA,409.9100036621094,421.25,407.2900085449219,417.3200073242188,54484300
2026-02-10,TSLA,418.0799865722656,427.25,417.0,425.2099914550781,64450200
2026-02-11,TSLA,427.9599914550781,436.3500061035156,420.0299987792969,428.2699890136719,57362000
2026-02-12,TSLA,430.2999877929688,436.2300109863281,414.0,417.0700073242188,61933400
2026-02-13,TSLA,414.30999755859375,424.05999755859375,410.8800048828125,417.4400024414063,51434100
2026-02-17,TSLA,412.3599853515625,413.7200012207031,400.510009765625,410.6300048828125,59678800
2026-02-18,TSLA,411.1099853515625,416.8999938964844,409.5799865722656,411.3200073242188,45921400
2026-02-19,TSLA,407.25,415.25,404.1099853515625,411.7099914550781,51019600
2026-02-20,TSLA,408.2999877929688,414.7000122070313,405.5,411.8200073242188,57912200
2026-02-23,TSLA,407.2900085449219,407.7000122070313,394.0400085449219,399.8299865722656,69680000
2026-02-24,TSLA,399.5,410.8200073242188,397.6400146484375,409.3800048828125,58579500
2026-02-25,TSLA,412.1499938964844,420.3399963378906,412.1499938964844,417.3999938964844,54809700
2026-02-26,TSLA,414.4200134277344,416.80999755859375,403.6600036621094,408.5799865722656,53602500
2026-02-27,TSLA,402.9400024414063,407.1199951171875,398.1099853515625,402.510009765625,56890100
2026-03-02,TSLA,390.6000061035156,404.5400085449219,388.25,403.3200073242188,55088300
2026-03-03,TSLA,395.0899963378906,396.3399963378906,385.3900146484375,392.4299926757813,62617300
2026-03-04,TSLA,397.8500061035156,408.3299865722656,394.5799865722656,405.9400024414063,68305500
2026-03-05,TSLA,401.5700073242188,408.6199951171875,399.4200134277344,405.5499877929688,51925900
2026-03-06,TSLA,398.0899963378906,402.3500061035156,394.2099914550781,396.7300109863281,64054600
2026-03-09,TSLA,390.0499877929688,401.5899963378906,381.3999938964844,398.6799926757813,67018900
2026-03-10,TSLA,402.2200012207031,406.5899963378906,398.1900024414063,399.239990234375,59258700
2026-03-11,TSLA,402.2799987792969,416.3800048828125,402.1499938964844,407.8200073242188,62559900
2026-03-12,TSLA,405.1799926757813,406.5,394.6499938964844,395.010009765625,60973800
2026-03-13,TSLA,399.1700134277344,400.2000122070313,389.9500122070313,391.2000122070313,58504100
2026-03-16,TSLA,396.2200012207031,403.7300109863281,394.4200134277344,395.55999755859375,58068300
2026-03-17,TSLA,395.6900024414063,400.1199951171875,393.0,399.2699890136719,46890500
2026-03-18,TSLA,399.0,403.0700073242188,392.30999755859375,392.7799987792969,50853100
2026-03-19,TSLA,387.2699890136719,387.2699890136719,378.7300109863281,380.2999877929688,67078300
2026-03-20,TSLA,379.8500061035156,379.8900146484375,364.4599914550781,367.9599914550781,78628600
2026-03-23,TSLA,373.0899963378906,385.3299865722656,372.7300109863281,380.8500061035156,74606000
2026-03-24,TSLA,376.55999755859375,387.4800109863281,376.30999755859375,383.0299987792969,60004900
2026-03-25,TSLA,389.989990234375,396.2300109863281,385.010009765625,385.9500122070313,55157300
2026-03-26,TSLA,381.6000061035156,384.4400024414063,371.8699951171875,372.1099853515625,55522900
2026-03-27,TSLA,369.6900024414063,369.8599853515625,359.4700012207031,361.8299865722656,62065700
2026-03-30,TSLA,365.8599853515625,367.2900085449219,352.1400146484375,355.2799987792969,67954400
2026-03-31,TSLA,361.510009765625,373.3299865722656,361.0,371.75,75534900
2026-04-01,TSLA,378.6300048828125,383.1400146484375,374.0799865722656,381.260009765625,58683800
2026-04-02,TSLA,364.2000122070313,370.2799987792969,359.0299987792969,360.5899963378906,83031200
2026-04-06,TSLA,362.5899963378906,367.7200012207031,346.6400146484375,352.82000732421875,77697600
2026-04-07,TSLA,346.44000244140625,348.0199890136719,337.239990234375,346.6499938964844,74515400
2026-04-08,TSLA,363.7900085449219,364.5,339.6700134277344,343.25,78838600
2026-04-09,TSLA,343.1499938964844,348.8800048828125,337.25,345.6199951171875,62164000
2026-04-10,TSLA,346.2900085449219,350.3599853515625,342.739990234375,348.95001220703125,51336000
2026-04-13,TSLA,350.07000732421875,356.3500061035156,348.57000732421875,352.4200134277344,53617500
2026-04-14,TSLA,357.6700134277344,367.6300048828125,354.7699890136719,364.2000122070313,59979600
2026-04-15,TSLA,366.8299865722656,394.6499938964844,362.5,391.9500122070313,113810400
2026-04-16,TSLA,393.80999755859375,394.05999755859375,381.7999877929688,388.8999938964844,63515100
2026-04-17,TSLA,395.9200134277344,409.2799987792969,391.6499938964844,400.6199951171875,90640000
2026-04-20,TSLA,402.5799865722656,406.7999877929688,388.3299865722656,392.5,64603900
2026-04-21,TSLA,393.0,393.9500122070313,385.2200012207031,386.4200134277344,50530600
2026-04-22,TSLA,387.5700073242188,393.010009765625,385.2999877929688,387.510009765625,62362800
2026-04-23,TSLA,375.2799987792969,386.0,368.3900146484375,373.7200012207031,93969500
2026-04-24,TSLA,373.5,382.760009765625,370.7300109863281,376.2999877929688,62893300
2026-04-27,TSLA,372.0899963378906,380.7799987792969,364.0199890136719,378.6700134277344,66735800
2026-04-28,TSLA,374.6799926757813,382.2900085449219,372.5400085449219,376.0199890136719,50864400
2026-04-29,TSLA,375.3999938964844,376.3999938964844,370.0400085449219,372.7999877929688,45384800
2026-04-30,TSLA,372.75,384.75,368.1700134277344,381.6300048828125,51076000
2026-05-01,TSLA,382.489990234375,397.8200073242188,378.7999877929688,390.8200073242188,65338300
2026-05-04,TSLA,390.2300109863281,394.6400146484375,384.7999877929688,392.510009765625,48765100
2026-05-05,TSLA,395.1900024414063,402.1199951171875,389.0,389.3699951171875,47780600
2026-05-06,TSLA,386.25,401.6799926757813,384.0199890136719,398.7300109863281,53465400
2026-05-07,TSLA,407.4800109863281,415.8299865722656,402.1199951171875,411.7900085449219,64294200
2026-05-08,TSLA,416.4800109863281,431.2000122070313,416.3900146484375,428.3500061035156,65050000
2026-05-11,TSLA,422.1600036621094,449.1600036621094,416.7999877929688,445.0,78376100
2026-05-12,TSLA,441.4100036621094,447.7999877929688,422.260009765625,433.4500122070313,60569300
2026-05-13,TSLA,436.6700134277344,453.3999938964844,430.2099914550781,445.2699890136719,68283200
2026-05-14,TSLA,446.489990234375,451.9800109863281,441.1600036621094,443.2999877929688,46070400
2026-05-15,TSLA,433.9800109863281,434.6600036621094,422.0,422.239990234375,52688700
2026-05-18,TSLA,419.2699890136719,421.1300048828125,405.3299865722656,409.989990234375,52474200
2026-05-19,TSLA,403.1600036621094,405.6300048828125,393.6300048828125,404.1099853515625,46500600
2026-05-20,TSLA,407.6000061035156,417.4599914550781,406.3900146484375,417.260009765625,45294700
2026-05-21,TSLA,422.1799926757813,426.9500122070313,412.8999938964844,417.8500061035156,42636900
2026-05-22,TSLA,422.6700134277344,431.510009765625,420.510009765625,426.010009765625,46104700
2026-05-26,TSLA,430.260009765625,435.2000122070313,426.1199951171875,433.5899963378906,45658900
2026-05-27,TSLA,442.8900146484375,445.6000061035156,435.5199890136719,440.3599853515625,44656500
2026-05-28,TSLA,437.6199951171875,443.9599914550781,436.2999877929688,442.1000061035156,32435000
2026-05-29,TSLA,439.8500061035156,441.0700073242188,428.1400146484375,435.7900085449219,45176800
2026-06-01,TSLA,427.489990234375,429.6000061035156,415.4299926757813,415.8800048828125,44937900
2026-06-02,TSLA,418.2200012207031,424.4200134277344,413.6499938964844,423.739990234375,37596000
2026-06-03,TSLA,418.7000122070313,433.6000061035156,416.0,423.7000122070313,44500700
2026-06-04,TSLA,419.8399963378906,426.3500061035156,417.1600036621094,418.4500122070313,35323300
2026-06-05,TSLA,420.5,424.6799926757813,388.5899963378906,391.0,63420200
2026-06-08,TSLA,396.3299865722656,412.9400024414063,394.7200012207031,408.9500122070313,50328800
2026-06-09,TSLA,411.0299987792969,418.5,384.239990234375,396.6799926757813,59940200
2026-06-10,TSLA,391.5400085449219,397.0899963378906,380.1499938964844,381.5899963378906,49695600
2026-06-11,TSLA,388.2799987792969,399.5400085449219,380.6600036621094,399.1499938964844,45324300
2026-06-12,TSLA,399.489990234375,406.6799926757813,386.760009765625,406.4299926757813,63514500
2026-06-15,TSLA,412.3699951171875,416.0,407.1000061035156,411.1499938964844,45620500
2026-06-16,TSLA,404.1099853515625,412.4200134277344,400.5400085449219,404.6600036621094,40255500
2026-06-17,TSLA,401.5299987792969,405.9400024414063,393.760009765625,396.3800048828125,43534300
2026-06-18,TSLA,398.1000061035156,402.5199890136719,384.7000122070313,400.489990234375,58384700
2026-06-22,TSLA,394.8500061035156,414.75,394.3999938964844,405.0499877929688,47819500
2026-06-23,TSLA,392.6099853515625,392.8699951171875,379.05999755859375,381.6099853515625,50420200
2026-06-24,TSLA,380.0799865722656,384.5799865722656,373.0499877929688,375.5299987792969,37081400
2026-06-25,TSLA,375.2699890136719,379.1199951171875,371.2200012207031,375.1199951171875,30138800
2026-06-26,TSLA,370.1499938964844,387.7999877929688,368.6000061035156,379.7099914550781,53434100
2026-06-29,TSLA,381.7900085449219,413.2699890136719,379.2999877929688,411.8399963378906,57645800
2026-06-30,TSLA,406.0,424.5400085449219,406.0,420.6000061035156,43385600
2026-07-01,TSLA,421.4599914550781,432.8599853515625,418.0899963378906,425.2999877929688,40127900
2026-07-02,TSLA,428.010009765625,432.3500061035156,389.2999877929688,393.4500122070313,73717700
2026-07-06,TSLA,397.5,420.0,390.5,419.7699890136719,54727900
2026-07-07,TSLA,416.9599914550781,419.55999755859375,401.8800048828125,402.8999938964844,38149900
2026-07-08,TSLA,399.3800048828125,399.6300048828125,390.510009765625,394.05999755859375,33844900
2026-07-09,TSLA,393.989990234375,407.8599853515625,390.8599853515625,406.5499877929688,37835000
2026-07-10,TSLA,410.489990234375,413.1600036621094,402.80999755859375,407.760009765625,33410000
2026-07-13,TSLA,404.6099853515625,405.5700073242188,391.3699951171875,394.760009765625,32809200
2026-07-14,TSLA,399.0499877929688,402.2200012207031,394.760009765625,396.1799926757813,23385000
2026-07-15,TSLA,399.3999938964844,406.5899963378906,390.6600036621094,394.4599914550781,31549800
2026-07-16,TSLA,392.3500061035156,395.30999755859375,385.3200073242188,391.05999755859375,29269100
2026-07-17,TSLA,381.7799987792969,385.6900024414063,377.2200012207031,380.8399963378906,31317100
2026-07-20,TSLA,386.0880126953125,386.489990234375,369.4249877929688,369.5700073242188,32893543
2026-07-21,TSLA,371.1650085449219,384.0700073242188,369.989990234375,378.9299926757813,31140392
2026-07-22,TSLA,375.3710021972656,380.1700134277344,372.8999938964844,374.010009765625,27489260
2026-07-23,TSLA,341.0,341.8599853515625,315.7349853515625,319.69000244140625,115037671
